{"version":1,"hash":{"type":"Buffer","data":"/kE3umTLZ639Q49xEcuhgmGjQVRB+5XSIiCreaoQacQ2324eHXWGb1ImHz7T3lyGz/7UImKIInfWq4RNeGtZfb8NErYMHi/x835GT5eTh7JW5zS73ye/KjdkBNLEgBnqv9+SFnG+1HjHzJo5Rn1rQbIS2JKcgli3EQDqhuroEO8="},"indexValueMap":{"7ZJpwHHRghGRIrJZOYmi1FIzcoDR3OifYrh7PpItywQ=":{"valueMac":{"type":"Buffer","data":"vz7lWXUMawUjNk8ETbCb/ZERpByc4VVOkFuANtb8awc="}},"K7iF//O8QJu+LcDkCS2TU6peG/4GjBCiQv9m+b6YqGo=":{"valueMac":{"type":"Buffer","data":"WfaVXNsPJwWZ6jwzbeLd/lsfTloUYV5WtsQxgZe19ug="}},"w7/TY6TpNiNz0cMjkax29vrDAZdkxcPRoge96bPFTlo=":{"valueMac":{"type":"Buffer","data":"55s6nwcxFEsRDCA0D/ga4mGzKb2FhLEahewURiMq2TE="}},"fxR+CqXPzp9Ad98fdqMyDgCa6UiU3GZjA7P8/6MMTgU=":{"valueMac":{"type":"Buffer","data":"Y9GE4MzCA9xW7X8UIroqy3HoRcZNeEIuWRb2xUePERU="}},"/YdkToVQLMENGgC2QxeofMBc9GvunoEJKbN25xRN56I=":{"valueMac":{"type":"Buffer","data":"ZxkfVCFIs4M74Iz8lk9UxSazT65BDnm65Rrt4musTks="}},"6eGWrTYKBanxz2W5KFDhMSsTaQutl0NeQloTc10dOgU=":{"valueMac":{"type":"Buffer","data":"caBLC8sof/eTGv+f6lZeofhSzTOQAlxFVdWVC2m07eQ="}},"7wtoYmsWxT6A3hDqsn8uS6Q1ZTVKcZ0TuI+6m4Dvgnk=":{"valueMac":{"type":"Buffer","data":"/np80KR3TED7i3u7F1/hHJZClT9qSiK+P678BoDITzk="}},"Wq7u7aJWz9nhzChzIO34vhYUmtzN0usa/wbfcqgOE+k=":{"valueMac":{"type":"Buffer","data":"LmUcJUbpaG2LtwIPy7auVQ0d4qBgiA/dVqCdyi+Fv90="}},"VRcCmgwQfIqZr1UAWLZvf8Wb9ek8+CSgVYrH1BjCZA0=":{"valueMac":{"type":"Buffer","data":"ccJooSdB2eflJNZKou/WNoWVm1CqGVBfy3xHffAucRg="}},"6JqAM07Mlm+5bMTnCsajeCpdIAjZzZ1YB+BlXxlbv3I=":{"valueMac":{"type":"Buffer","data":"Lq/avdJcBK9X7jMjVT4W6BQ2NUy3GnsDpvxaDcVjscw="}},"VPQ0kBfDa8Gei3Z5r9kNx1f2j/yi6U6Ga3OUpDvZ+64=":{"valueMac":{"type":"Buffer","data":"vLMP+KByHkVq67f+PNzgabC+dPh7I6cj3lyqC0diS8E="}},"l44dGbsZuVD0HyYA85dhaq7SnUnvxb+FHx4G1Or1F30=":{"valueMac":{"type":"Buffer","data":"SW7RXvreF1062geC1WPZAKQsfAzFzEyVl22Tw4Doqow="}},"oNVqyG9f35BCRMsE8pVUiIZ5FCkvMTySZXbQnkwtTCs=":{"valueMac":{"type":"Buffer","data":"KvFWtInZMY+a8HyfpXOVq1p2QoAExqiDdCcBA4GZv4Y="}},"OzJXuvfCN/5rKRaS+ykm+FmHwIk9fUmSc8cgGjjdQj0=":{"valueMac":{"type":"Buffer","data":"QamINXPMV/Ddoak3wAfwoftJeyEDe9O7QQ2dKVoNNpo="}},"axJ5eZPvLVhxb12uLUo+kRoPdjSc0v9blZ4NjcbUE6E=":{"valueMac":{"type":"Buffer","data":"cG8fkSJVYSCGDfq67OmSX8+Zy0RKQR80mhDi3xUWYFY="}},"QTlir72vE9wQViX9ErfigY5AddTvjAM1YUIlYPbM8Uk=":{"valueMac":{"type":"Buffer","data":"Z2iTN5pQphhCBAYSuJcOdqVesgf9+D+iO27Yvpmq1V0="}},"ClOYqPZ14iLgcMdasPwIabxzVmX2wQCpxh/u7d9yrBg=":{"valueMac":{"type":"Buffer","data":"6KZxFZ7d01ULS7bHxHScnyeflrtXn9lJUysZrnt4vyA="}},"8Vn30CyMzoIQ+zXHKid2hJYsEGDmRunUDYuNcLoTTP4=":{"valueMac":{"type":"Buffer","data":"zCBuC/TitLiYhCc6GjGDV84DL5Vaz3MkifRkFPXx4dI="}},"RS5HJc0VnYRekzhUF+lMnoe2HuPjbXzHByAvmePxo8Q=":{"valueMac":{"type":"Buffer","data":"Upshl6gxeVWvI2WaJ76V17MStW4NhchBKYbzw47ORdw="}},"hTrINKaY5AIt13VSHFROp7fGiKNfcOA+VQvOZhTAFaA=":{"valueMac":{"type":"Buffer","data":"d719vfCOoCPd+9KHejXkdNrrt773Qk8fDrXg37KqBfU="}},"p7kQ1EQOw0h6L2HlnUeiaiSdhxofct8nKfaHF4ZPLfY=":{"valueMac":{"type":"Buffer","data":"X0IISscm2BJLxVzAKNxBS7BXGkbMjlChNkVbUUY7X/U="}},"MCcSB2IqP5L+an45MeWVhkr+wVRjFgR24iYSqVUvSd8=":{"valueMac":{"type":"Buffer","data":"7UcpyP/thQutlzD1Mp0FiVKsD9NazcGQwpJK829zt6M="}},"p/izAlV87l3cBpsFiCKo4vEeaRLt8+g3m4lEWOVX4SM=":{"valueMac":{"type":"Buffer","data":"KgKJDhQuVjaRjoX7ON5wyIvth8F3yd8Rr7QiML0oRao="}},"h9QEnbiarky7RdNq6pfNpOyWbCK0j56ngt5MZVL+o+Q=":{"valueMac":{"type":"Buffer","data":"1rnsVIp42k0yk+u/ednaw9/sl9vEMSoDVBi0MWjzMf8="}},"RH03nZe2wfOtF4lRecEylAS9wxly8Snw+Wenm9//0ds=":{"valueMac":{"type":"Buffer","data":"JjyFa+OEHKhbeNvGj2X7966v9lW7eXPoLUcwFSABPhs="}},"612txreC0mxB+QEI/o/uq/k4s4Rz6ZKnSKkGU5eewNY=":{"valueMac":{"type":"Buffer","data":"nFGhP+0rA82SvF/EpCn+Qtnt9pYP9zRMDyWJlCQujKE="}},"0I8KzBfw+NZnTtDdr3OgTLwA+3Qo6S9ZlX/FwnAf6/Y=":{"valueMac":{"type":"Buffer","data":"1C3+bUqXvJkzXLV4pIVDNn/rgQ8og5W6fjZofo0vYtM="}},"LkyluPASLbre4XRaiseT4XyA5zRw2ZLSQvi+/1GRkPs=":{"valueMac":{"type":"Buffer","data":"qZCtar89pgdwx6/tHTAcEESfI8FJLYkVbLfmsxAHVFs="}},"U83X6ZGh2Vt4Ca8N9qWSU7jYYmPgA8cBCNkLuxWK/Ko=":{"valueMac":{"type":"Buffer","data":"rpjI9gh7DFYAhnT7tQwZ5WU26VJj0eACtES6FsRNhlc="}},"inuiNQ8OnsTV3X93w5wHggURTc+K2afuv9WYxQQtP7A=":{"valueMac":{"type":"Buffer","data":"lqqpc1cbCLmlQwjd3SXvGsTjykulmXSRcHNJxr++dxk="}},"fxlX8ZtBrtWijxUvQ/XE029q36b1qTgjw/sJhGzmx+I=":{"valueMac":{"type":"Buffer","data":"qMQR7U3dGXd0zl60/WYhABUVeWDxOTQGTmLiIz6RzUQ="}},"wkYE4RdNHqIqhN4phplmdreX8tUFE5pKG5JuSpPtsec=":{"valueMac":{"type":"Buffer","data":"zMewfncOt47PIvcYkuFVao5b2c8k37/DCXvU5ckBCuk="}},"q33K/T0OglvmZAiIAr7q4pojD5HcCf7PG6jbsM8sOPs=":{"valueMac":{"type":"Buffer","data":"88edClfa8nUFLpoQJ0IYsNrECywQoESSF1DL5ZlIKSI="}},"N3qEsOHjtt9FKSkt+f0hY/1uom8rBRre6tAqOnLgBFw=":{"valueMac":{"type":"Buffer","data":"+JrDIL6zlZBRLRL2Z2EsTlq7weCP6EQWayScJjAkO4w="}},"+9UnvByXamP1N4I0KluaW/nQPXnoErdopbMFFNWme0s=":{"valueMac":{"type":"Buffer","data":"6hVnpzUHRmkGS3G123SLTeDvvyEm3PzpfqX7k/tFD5w="}},"mxKQfa5ot5t88aH22MMbxjHijzJHF///eIEzBIRMIGY=":{"valueMac":{"type":"Buffer","data":"YDqhIxsurDeDt0ySLoi5I2eY2Avxz/eb9hEPhSr4Sy0="}},"GJYBX75gzJXv/HdSLetkSqAVI8VhqK6pwa5vRUg35mU=":{"valueMac":{"type":"Buffer","data":"bhcXOrO7IS4meY7rqa5UcrbHyfkYLRCVWYZT44lDs/U="}},"Vs2SrAexsO98BnfExpIyEakY3LrA9NtkLfj3U5NAMIE=":{"valueMac":{"type":"Buffer","data":"Ynya5009lE9yMjJ3pWafPXeo/YOGfrG0w5iSnUxVhG0="}},"TLevBTKuNrC1GI5onmdVZyytOUDkA6RdYLJJGXa1pvM=":{"valueMac":{"type":"Buffer","data":"VOr71vLbMdwuuQw9KtMBoK88X1sFBuX+LRd+lcrR+rY="}},"NPXxkJA3N6BZ9D9/R0oy1u4uTw4XPqmys3kMUDDVWX8=":{"valueMac":{"type":"Buffer","data":"UOHy8M3mPHMy7ZcAvSlZjt54buxbf+LtetIHOJdey4c="}},"gQWAB5UZV7XlDaCDgH7ls1ie81LRRWFWi9RIFJz786w=":{"valueMac":{"type":"Buffer","data":"rNOHF86SUTHhT8jCEddFfZDTQwWTeFGAEbhvif4y9hw="}},"ij1zeq9cBSmv20rOgr03OzcAqLwgKTpAbic0yFbqVzM=":{"valueMac":{"type":"Buffer","data":"/qRVbEh8pJ3yVILMIEDuWf8B2rcu8lp0jH2W51SQfTE="}},"KPUTIhKhY6qZbKROdLjDCgnlxZ9R7+hKDoSE3WyXm1I=":{"valueMac":{"type":"Buffer","data":"qtEtoFPeCqP+ujBw9iCm+jvsnykhRUZppLAMMRCseBg="}},"7jhRfnb3xOLxDyPrAAY35Go79BmfxITIACXLPYsrXx8=":{"valueMac":{"type":"Buffer","data":"TyfkEh53HhILICa4fKiSwKIa53aqFejJao0BiNnSvKY="}},"ORGb2d62i99CwjZeXFW5CC1ddJOCNCRKU0ujvVQdKV0=":{"valueMac":{"type":"Buffer","data":"p+FJXSjSuWKHgvyekmGaa6tKIipjUGvFkp25gcvRH0o="}},"SKtkcoiHeeN/u2wOJfovHukPyiTkH7UU0UvWBQnTB90=":{"valueMac":{"type":"Buffer","data":"yWHj/FN4KeLapUc53ouUOpLdk5N8OPyWTasVQ+3oBbI="}},"TCZmnQ+kRUvAEO/LhHFK1+Hhr1Nw38S/4z2egvufxVA=":{"valueMac":{"type":"Buffer","data":"WIkh3QvrrPVQTQM40Df2hQF/ZIJbjf8qX9Kai1j8Rxw="}},"pQmGm8sp3iapnGsE5KTYrbgO2tIe0QbRYx6iqg6Diwg=":{"valueMac":{"type":"Buffer","data":"l37tgou5bOHnlxSd7nfXZYkjUnUs7XNQseNHBH2Q3qs="}},"6eKzc/kF+W/llf9EoE8w8wpYc5qAnuDE33atahDhC2w=":{"valueMac":{"type":"Buffer","data":"1Me7rSOUyTlScpJzh8BSQgd3AeWlBUEdlumHW1c3twc="}},"pbgJH7vS//WDlNFTlPRwy/55zCgQgYwhuLTZRGZUN5k=":{"valueMac":{"type":"Buffer","data":"2Qn52auYEd2+ixDkDvRF0U2S7zZF+sfZ9Dt/EYB+LM0="}},"WKQ1jxDGaONWk/JEnKEF4jCCZT9CX44F9ppl8NuCHYU=":{"valueMac":{"type":"Buffer","data":"jhzsTsI6dLKLV1w7bG1yvOkwWKeP8W8ItGf86WrvJ7A="}},"GPvCQ/CsrnPqgJlgCr57ZJlp3pd9Y0S8ZYFK/EE7AYQ=":{"valueMac":{"type":"Buffer","data":"4SXu0VrxTRSwJUXzQZWyj3gOzSTl+SastioZgJqES7o="}},"GXX5I7+oZpHyt4MMM5yBwNgKL9fNn7Y4PVpdcxGF5rM=":{"valueMac":{"type":"Buffer","data":"ZGagp/mokhqv0rMVLYRa10RTHG9ZcuwdiZpqRnVKhkE="}},"TorA5HkmqGtPAQwUN1TquCSTQei1PQfCzdo4g3YEkCY=":{"valueMac":{"type":"Buffer","data":"o+X/w3Tq/0OhAirAKzrDOgSBeLOGrn1F9A1XnGd5Gco="}},"8OFp8169sLsoSbVzO+b1eMK+6/u9c6HaF2gYpzE7ElY=":{"valueMac":{"type":"Buffer","data":"vo2fUOjaedYe1fTrkUfkUkLQ7GmkToShvVq7YYah6Us="}},"cWjMkkcgz5tgWz+n0imIl7SCVn73yCOh2tAIO9CX/M8=":{"valueMac":{"type":"Buffer","data":"SCvKhru34khzpU8qS22FAN3VppHbNk56+Hri54O9d3Y="}},"jFF9a5J7CpDRRMJkkLwuxXhcIK7LlQ/M4qA4bxVaO+k=":{"valueMac":{"type":"Buffer","data":"mWLCvVxnPFujfNt6z2CrDrUN/HW/Uy78RaP4BZrA5F8="}},"QetizUus79vxQEWN+dRSbKNmT9hUB7kHdbpcQpPMeRY=":{"valueMac":{"type":"Buffer","data":"0X1O0IV/4TyimZHCPNG8irW8CCcJHtDcoJ/Tdu/DvsU="}},"5Gvto9AanmIqMTK3Z5x6ikIrX6fofQDctupuU7jtPwE=":{"valueMac":{"type":"Buffer","data":"d13+FuhZ+/oMxlkHDCYkcuqNTFYVvvqYDkHn2b3dBNs="}},"SKC8ssAGXrXImQtuPNG9xwAUuXtfYXwkHqbqFC0FtRU=":{"valueMac":{"type":"Buffer","data":"ycm1slOB815fZF39ujn6dtnQuXmD0dF8J+kd/mt/xQU="}},"ZtebNKK8XZghV6Xrc4ddLhcLFjkGRrTYweHrYKgpRVs=":{"valueMac":{"type":"Buffer","data":"oFu/ukTP69q57D1UN4YNrZfgKOR+1jw7w4th1aaiWbo="}},"ArVFMbew1P2HKhM+abxxfsVQoaG65NTJDpWwhoSX8HQ=":{"valueMac":{"type":"Buffer","data":"g0KHcJkR0Ihra1t3jBSIkHnapUKSMKnmsbOqCAeEZLE="}},"0v8YTAfHXToeMx2uCH276AwRuXGcH6jV0ftg9irxdc4=":{"valueMac":{"type":"Buffer","data":"/CcLY2tCP00L1mE7AayxWgblpI5RD1e/7cCRr2OQFTw="}},"nQV9YsjLQtM6VdVmKDKC2lDCuUUYjSbz36QOrJbYkWA=":{"valueMac":{"type":"Buffer","data":"V0AvV+Hy+qCdPjyPkNGAzWc7cVRsHeIeNZt75AhKaZ8="}},"4prW+xiynFVQ3zeKV7SAoq2R5wLgzIeZ9B/pLTynMLg=":{"valueMac":{"type":"Buffer","data":"O9v8NVQqAjn7HJ5W7AbAaCmhXkbwdQOvTLflHgDoTI4="}},"5+6UcMI+W3V6mJcvNAbEhCpTzlaGKVFZ1bZlLAN+nww=":{"valueMac":{"type":"Buffer","data":"eFQsd9QoO7ccMqsTgYbfsLx8cqzHIVRhM2rF7S5IuaM="}},"IhoQ2qGK/kGgb5NQ3JoQdtyGHAiD1qSqx4H3A28c6VI=":{"valueMac":{"type":"Buffer","data":"UpGHxHoXP+/5KKY6woFsP5PBRBg0pX4WUpqZKG5HcBg="}},"oKO1FcJJzYJTMmjzdOA+U4niWfULVhVPpZYmcH5lr74=":{"valueMac":{"type":"Buffer","data":"ciXa2qs5AIMVBg+UG3P9HSYrgDf/fzNXkQnPXeCNnhE="}},"f4LpnMrbO4B3cQ5ZXAGdtl3Sz7qe6zQhFBXyFSh60dc=":{"valueMac":{"type":"Buffer","data":"VIHPzgpHEIJBPozWXgOd0SA/8KPFhvD3rHveOv4Jgxc="}},"GaJMRBsTMhy360111HX5PI+xNhorwlva0LD+xH/DoY8=":{"valueMac":{"type":"Buffer","data":"P2OgJKQq+O+XJbeY2Mw9AB3A/gjk5mazAY4LmGfCa3U="}},"ZgiSEnvIk3BTcAUmXQeH1554mavmKToFc0RcNJCRKTM=":{"valueMac":{"type":"Buffer","data":"Kz4XiryUWfrwA60eHigLmfPAj8VqqlZX2YtipFi4Awk="}},"BrGh2cTG+0i6h3ZLECpi4hhO85G5d1josw3uRXbSXkQ=":{"valueMac":{"type":"Buffer","data":"aVghh1VoF1ey3NgJGmiqCruowZmq2a82NFLX/d2PE5I="}},"0ADy4Mn2pSFIq1Kl0jDCQYQ2HRinTPz8C13BfljcmjQ=":{"valueMac":{"type":"Buffer","data":"lsqnb8RB2725xvgL77CxakXwyeU20GH+pWg1dxVqi4s="}},"c3YxpVLZ1v0I9d9pXgYjPSo1xUWscjXFlDBqJIV7zRM=":{"valueMac":{"type":"Buffer","data":"runGE69L0i3RmKVXD2cJr+f/ntnjEj0WoXk1BzB5Rc8="}},"JcuuP7XtfGW+SZkZnbQVaIY/9uLFTNy0mwpoPBDHIJ0=":{"valueMac":{"type":"Buffer","data":"8wH15Ig24tUdW4S47bGle2sZK5PYO8DC1IdRJtr5Si8="}},"V0QWd3TDXQas6biwv+TrUwvmHqlLq+UsqQYrkbHZjXQ=":{"valueMac":{"type":"Buffer","data":"E7szPPfFcOVNphN3hNdqPpD7UGhcYa9381wyB7sLNQg="}},"m1ZPdFc805o3VRH5vYPMKKPtnK5UoNpcGkat03ey19g=":{"valueMac":{"type":"Buffer","data":"AStxFusbji0E6tsfTDAvkkUNxH2SREwAafdxPIBPBd0="}},"cY+68YHsfsnueUqHiZ1w2zNNYFpvYGnw8Li/SlqTaBA=":{"valueMac":{"type":"Buffer","data":"KsFq6KMi12HdYQ+dqHLIEiOW5xa0wCHR/0juO3ezy1Y="}},"F6+t1+UhMmNwnlVQxTQ8aWKRSFMqosXD8z9Avm57X98=":{"valueMac":{"type":"Buffer","data":"ZM0/5c6QiKAArjSUuaME2htur/XJy+I+5ga94zAhEx4="}},"PtKLLEKPHKUfDSs+1HY6s+oS8oNKLYKP1KpTgQovSoA=":{"valueMac":{"type":"Buffer","data":"lk1MfKnAuVBqXo6+90WSixYdAmxviH1HEocxxUGxjik="}},"7RK79lsnV3+lbOcveOmKq0i32BlPl9dgpFRuE7NIw5E=":{"valueMac":{"type":"Buffer","data":"QOgi5n3QC2evO/+3r12fcHXYoTQMmFwcoI/zI2srDl0="}},"PsdcTUgRm7SnzEbHOI58bLYhPLkvssZTg0ThEhTGn1o=":{"valueMac":{"type":"Buffer","data":"6vUSbREiGHnXLHRViDLOnIjaUVt+CajzyV2UKTlaQrQ="}},"F3UXKBtNhQVOYkNPZaQokuExdN5p8E/YjFRnOGw9dtY=":{"valueMac":{"type":"Buffer","data":"eARyaiKx5n5h1l46By5wJS8Bolw94+04cPLMBF0mEvU="}},"H0Ky12dM0SKgod34stIwS8ZhOt5vR3VgUvum++EFU6k=":{"valueMac":{"type":"Buffer","data":"WZPhWTgyanhO0LK+mNkPELGnBbPx6JkMmRJ92UOhDEs="}},"MuNsIcfKm/h5JGM8wBV/8k8s7izTCBp24lH4FUUazag=":{"valueMac":{"type":"Buffer","data":"iWmIocdbnIj2sH0dmgj1u64BMmQYM8M80D9E9pT7lVw="}},"CDWbDeTjdFl6AEyrkXQ4msbvk+BraK2GYUaVwaT9OBE=":{"valueMac":{"type":"Buffer","data":"nLTeAwaozyS6pBBQee9r5j0KLqn3cBzq7OIHGebO4WE="}},"GVgJTgU2SLmJROROIZwUobX5Ko/6jam2x1J3Z3PEhrc=":{"valueMac":{"type":"Buffer","data":"bAZmwM+cxSU3xIJPWcBmrOi/Oi7icyzyX4bCf19MZ3g="}},"B/xPyqMecbAg0P/1y+pICYz9piyuIWl4/X6cYK9P1kQ=":{"valueMac":{"type":"Buffer","data":"PEM3FVJoJ9tceJ0l11zoPeCWnvOWB3VGSDvYjO/lZkI="}},"Ryw/VHuOfd5Vv8lQs+yPiu6AlfGd6mPNJGXCqbnGOUI=":{"valueMac":{"type":"Buffer","data":"HcLg+v2JrV7XPToYOthLk1LIB8/m/2OzKSqaytSATOY="}},"n4oSFQ3nW2CMRRweA5a5aGog0JlyrX5iEMzbZuNEs74=":{"valueMac":{"type":"Buffer","data":"u7L6N0pkBUVBrUI1L1WhGvFA++VImhzSqL2w/Vuq4G4="}},"+Lx6E4Z3eF/naEKRTsRSllNDcSYFgywn1CQKdy6qsoQ=":{"valueMac":{"type":"Buffer","data":"LtTzKXXCFD/yIGogeD0OZnjbuXX4XCNVvOf2j7xOdpE="}},"dZ3Rvwqbi6gJmPOi49KVRVPZVRydOGmHpa47IqF9lXU=":{"valueMac":{"type":"Buffer","data":"+/++BxoQeOoFneTAUWe9QZQvetPd856gbwFjnb4dGQg="}},"PksEjKsV+V81zFFVUqj8Df9StoAHzFIKfNXOWTv411g=":{"valueMac":{"type":"Buffer","data":"BFLjFl7osPBrPURF4yBG5Lw4/CnOJiQ3MjCbasXoM9U="}},"RHxcp/uty+2QmkFw+Co64Qt3axzlenitXWG7gIp0BA0=":{"valueMac":{"type":"Buffer","data":"Z77zE4bCMT5dQEK2h39pdaFV+w4U2TUO9ccE9F5AkNY="}},"DnU3GSmqCzFPEltOf8NEnL6vxdbk/senIiiNcGZsJRE=":{"valueMac":{"type":"Buffer","data":"T0bsHqtVCSBKU927BxEn/vyGq6/REFkrt1XDC4VuBMU="}},"ClWeKG3eIkznvdMKH3sdBlPodnWRXbL3sa+xrstfr9U=":{"valueMac":{"type":"Buffer","data":"LSA1Hq/M/biltch4G2qPeRnBxGyHH45OXywyxQDYUBg="}},"rGgsvE7la7jAC3WGqx2eowG7wSoO8ASZp15cHAnNt4c=":{"valueMac":{"type":"Buffer","data":"wSFbufYt6ydIE9oZYNAuChNVKNRDsNQHEDJhb+vfyKw="}},"/AdWJADvUpMGTLn7AUe6TnnYKwnrBcG/F7IktdOPfu0=":{"valueMac":{"type":"Buffer","data":"dbQYcAXMHf/DA3XYc2wdGJXA9/d4LVLDo+l+e9btpOA="}},"tGkSGDRItvOGLXB1l6y4EEI2oR2y41shsLY1DSz9jIE=":{"valueMac":{"type":"Buffer","data":"sFDW4cUaXTZN2RZFTJPba5pH9c0eSCCKIaFQZa5jBAE="}},"h+Tclxmpbg2CMnhS/dH/4M+0dHJw4HngImcrP2fNVAc=":{"valueMac":{"type":"Buffer","data":"gK7SEXs7XawSB3/Vcp2i4sITT/mZ5PMYj2jd41+F/Og="}},"wAEWNBMfF67Up/XZwXG5DzI7GL0IIuCTYLNGk9GA+tE=":{"valueMac":{"type":"Buffer","data":"4T2eaEUIPuMadpCgF22JCtvd1OUSXOqMYxBmxSPwzAA="}},"BjMntI/7XheLbvu99mMid410hFYeAQlP2uA2VEIOD/k=":{"valueMac":{"type":"Buffer","data":"7qXD4P/zVfDvjzsRPLsVCPcv9Qmd/y4CpVyWmKw0/2s="}},"32xtlDjP2H2kiI+IM5Pp2JsDKc3NNFOLExvO+JmqHUY=":{"valueMac":{"type":"Buffer","data":"30SuwSU6OwMOaP6sPWToxMD1Vw5tD17HRhT0gu7EFXM="}},"fm+KHj9OFzfMHrkw6OPPH3ThPgn8ikINooNG1bCibRM=":{"valueMac":{"type":"Buffer","data":"Endhs0Fd4Iu7/tIBvA3Yrs8RnaL/lGn9NOaHddIXJVQ="}},"NCBUcDt2ddhwBL8saZ9nXee9/LDk95Xx2b0Z7RCS8GA=":{"valueMac":{"type":"Buffer","data":"AmIWG7Wy1n10fenZnPGYC8k0pIpLp99k9gKDOJSs4Wg="}},"ssJW4uATYJECj9/122OumJW79M4/rbAtKavbJdjr/TU=":{"valueMac":{"type":"Buffer","data":"N1QHpTuJFt4jbzKD4dFpTWSBr6fjns4wctclyVWJtqw="}},"vcSLYNB7qp/Q2Hu9bo/yImTZHPSwbCPvloW7AQ2qAYw=":{"valueMac":{"type":"Buffer","data":"/LNE2t+aXApB4GJAZUUU8Us2KAKlR/RGbidIkf2wmcc="}},"R0zPx4qb7FccCdjxq//Nl1FAydn84Es8rFn6xZI2ZNM=":{"valueMac":{"type":"Buffer","data":"OfrufcbESOd/IcOA5Tgzv2csS8Hmy2niNBoHNpAXJjI="}},"l65u3jqTJl7pficPK6Ll8+CLsJMnio1r3GYMqV/rzqg=":{"valueMac":{"type":"Buffer","data":"3sChm8uqWk1VYsT4w3fYRzoiK7vXdrKwQoHvBk2GZ2E="}},"qESW1QDDz7WLATH4h2QusdsKOAQ7mACjJS463wVsIDQ=":{"valueMac":{"type":"Buffer","data":"AvjjPTROKSu7lpu97jXuWpv32JCNZiNC0yz9OpESY90="}},"DKS68/yRjSbteLnCVzudctD/apNft8BWbCs8eqXFTm4=":{"valueMac":{"type":"Buffer","data":"8uVV4z1G/oXJoBkvtPbYIxs5YqBPBbtqsR8cJt87INE="}},"vbsfJH+CIRTMwinkG4Q1u+pEBnLkHpo+QlBe679rHCo=":{"valueMac":{"type":"Buffer","data":"EEgt7FltL5mh0vuCY3T9umcG7Fih/uEAr5anLhA7WXs="}},"seXxbYMA/Z5u2sjnRBzJtOd/Zr/VDnnXMGl05mdVBOI=":{"valueMac":{"type":"Buffer","data":"UbyvnL+k/+sm3qwI+q0X9bzrwwW1giL1CGWcP5cjb30="}},"uU9S+vmZNkJGI40GM4oJrV+0EG3wGrnzbDfA9wSnA6w=":{"valueMac":{"type":"Buffer","data":"C22jDuO5uBIPBbEmVH6RvG+7g3ycepayRd0hcsJWJsc="}},"STWG45ZTHVIQs1dz2mnCosHQaDjTbhGlgSeTyrMaj4U=":{"valueMac":{"type":"Buffer","data":"s//WAw9yoIQzj/xFlkm+M++dj0gMRfMSZA69DlxEWAE="}},"MjCv18+0lRxm2Coaa7pvzIWKDfAnb4nKKAIsz7Uj77U=":{"valueMac":{"type":"Buffer","data":"Xo3GhHsa4xjCbwtyys8VGo3u2uc8BrzRr275U8aju1o="}},"yQrOfi1ZPS6+Hx37CtmnzxwHcYY4j9+ryAi5FbWwke8=":{"valueMac":{"type":"Buffer","data":"+t3a9iy5depAnULeK6enqr5dK1FyDEWZMdAy7fQyrug="}},"MMxjRSpcNQJiA50/1fPEi86kSDx07CnJ+KSWnlYismE=":{"valueMac":{"type":"Buffer","data":"QPfvtU2RtKidLlPtpfpDYHK0smJxc2Jm8o0tmrMKoZA="}},"zDe91VK99qsAQa5Adtu/8vvvuYUwv+leW4chxnP0Bu0=":{"valueMac":{"type":"Buffer","data":"gqxccgopoKlRHg1iTj7Vcm4LXSswumr1bfBMr24ZXwU="}},"LkPym8ttfMCWYSAeoebKQsjOTmn7slTk48zppfd9IKE=":{"valueMac":{"type":"Buffer","data":"DiO+YsZ/Z737ysHEih73OkJP0rCPohJfKsekAg/3JZs="}},"yy/yfFY6YlK39QUIkZFkSOCXoM+wTAmKhLGDTJi0Ohk=":{"valueMac":{"type":"Buffer","data":"OfPm6S6jjBuScpoFz5qaF9zf7j9gVUGunsPToXesdV8="}},"r4wnvaMEFYEsB4plwxhtCaz6Z96UAZIUZlQhL4dXBXw=":{"valueMac":{"type":"Buffer","data":"TJN7L5sZ2lPuCzV5ep4/ia/pOJndiqIB7sjXKJfLWSk="}},"QiyNn9l8NlC5Zn3rVTAW7+If+6SIvbZDUVNRja7LLzU=":{"valueMac":{"type":"Buffer","data":"b/8qImOvOv0UJ3DICPdDfMjx/3mCsXcS/5SIfJXG7hU="}},"ApbGWS865t5DOswv+UBLYbN/eBZKTkeMsV9TZedwaf0=":{"valueMac":{"type":"Buffer","data":"sElX8qK6iMbwUplgyKZ0e1G9fZnNKNklEx5d/hom3Jo="}},"PNI6L35ihMGWTPdP/DQ5YY72CXuRZe3w/tXtlMQqyg0=":{"valueMac":{"type":"Buffer","data":"0JaDEMdmQTavP4T7wFJrJvBK7t8PTE32D0PP6Zy2W9Q="}},"sYnWBeCdX9LJVGwV2fVpEI2bW5omxEFIolLYcpC6Rzc=":{"valueMac":{"type":"Buffer","data":"bd3KvUPQ0gc83vQFis/9fAJOsv+5vICu/GQz8tFCxow="}},"OaHZeyfKyOXppnf8Bpmym8hmxeEZcalDyHeOvE0bsRA=":{"valueMac":{"type":"Buffer","data":"2IunmqTUO9G+6r5IZH99XJXyken4voj4zeB/v/Sxx4g="}},"HDpiXmcBRmqPzAyubp1FCsoxEQe4ysViF6HlXAAykMA=":{"valueMac":{"type":"Buffer","data":"Vnt1EMNLqkaWuLkQTheUa5YxVVVCwm2UqOhSsA13Fjc="}},"hZdHHdiCjq5wfoCfsPiU9Zx/t+d06bMZF9uCPCJeqBg=":{"valueMac":{"type":"Buffer","data":"umzHwBRBsKxtedYXdbUDgSMARAHZYN75g64p6Phz148="}},"OfDxIvmR9BUd/4vsyl9UvpK7hTUChd4G3kbZf6Mmh9o=":{"valueMac":{"type":"Buffer","data":"1TDttpuIVCTDMgbE0to3GqoV9gsFpPD9R8/nX5R+8Ko="}},"c8S3x6CsO9q2uNAW0HYsGvwMPoABB78e526brS2EQj4=":{"valueMac":{"type":"Buffer","data":"jrIYGv7E8zkU9/sBv+Tj6nl54+AGO4kEQoddR0ZhRJk="}},"PZcYaHbdm/V5up1/XZB2mhECsR2Pfvy90ZlDGFCkeHs=":{"valueMac":{"type":"Buffer","data":"xuRdpXWTSIRWG7nUrRrhrHlX+Q22r2mLPUrFPIyE+24="}},"BBjAa5Qr+MjUdy+yepkoYaPBQTBkmgdeNCslRAtrQpg=":{"valueMac":{"type":"Buffer","data":"8dazTowND22EYbJ6c3aJyhKoXhC3pZETliXMdMVqrK4="}},"77WuBRxbTbl7ghNyip1bPDAADXgvppdbd0u5VaHGyLc=":{"valueMac":{"type":"Buffer","data":"9V287Vkt7OTfytMPhe8gqNg1NdkZgw93WHIQzCUaEZk="}},"MIRHu/OpsP/TQVGdmdBFU4swR+gIAnry0sNrXoVeF0Q=":{"valueMac":{"type":"Buffer","data":"8gwDc8qvsvG99PAeXfyhA+nzgmnMctbIA751HHEKqKM="}},"hL99ScYaNM5/RGpuA1NVcRPKq8dd1KOIWs32NLqwYJg=":{"valueMac":{"type":"Buffer","data":"+LGcoJA71jvP/wjMD9QcbEM4wG7RNZReCAybe9nbGzw="}},"JYNg3vGnpDshl35AF8kMsxezrHQgBFPfT+nha1B27xU=":{"valueMac":{"type":"Buffer","data":"u5CA6dd6L+w486cplpvCJ9np+2s1SMTKkdbupXTKmq0="}},"e6U6DV7AnKWSqrYzAmFmT2V546Um3mWarW9mazrrMCY=":{"valueMac":{"type":"Buffer","data":"cSOGQp56AUEesp2lm007deSV15tHsjsFCDRL12o+M6E="}},"sAls7h+NOSn0651L7JugHQWhfkl9mVo1EGnVc1YXGWs=":{"valueMac":{"type":"Buffer","data":"HZ+sgOGva/+K66JSMHbnQkBjs2+/qsQUNxYTBA6Q93Q="}},"vqiGaXmrls7QuVvIyZT/ba95hKSvHsLEs5w23YqXQ90=":{"valueMac":{"type":"Buffer","data":"BmrbW6pb/gidvbPpttK1POJv6PGvECqJTZeDh6QRRpU="}},"wESbuzafbdTObrtf7AJWrFTHBBn2j0Y+AMTKilYzzI4=":{"valueMac":{"type":"Buffer","data":"x5GCUXN3kQks5f8akEl8WH6yzUyWtPYe11p96LcIMTA="}},"q5a3FMBYURTTXHykAOrsTMbebPI+AvBDN9IGLoQTLM4=":{"valueMac":{"type":"Buffer","data":"y+YjoWQxZTxmL4Qc3ozFGnQHpxYUTiPtdmdtdLCD9ss="}},"URR7s94O+YyBaXcQ9v7sTonCwE7jbmOiuV88UEt5RSY=":{"valueMac":{"type":"Buffer","data":"PZ8Q0tJKdP6loOFqM5K+7uGfvI0GzyRr9jWQ2WoqhQk="}},"N56zD/tH2QmEAR8p79fQidg99OLDsxUuDj9BXaqmRqQ=":{"valueMac":{"type":"Buffer","data":"K2cZahKFO5hs6LtkEdco9OlEQmqs1K2y471rnpxiUXk="}},"8G6rYrzqUzWQSP1a0VSmjo4eZU49LgX6v1lBYkdMKXQ=":{"valueMac":{"type":"Buffer","data":"wqAZJprKtLqykAKn39ufZAvUq+s5SvyTkjOtqrVXTHI="}},"l3WQLsRxU4MQD0OBF3wUTHwlZqMoy6s3R0Ilg6o7h78=":{"valueMac":{"type":"Buffer","data":"MaUxDr+ldxetWqu2KjQrBXnVaoHWXTVRuHt8Zk3zSDs="}},"HjngVzfNN/ByeutMnaoEHVA/6xyW4qoDYsUhQS0Qym4=":{"valueMac":{"type":"Buffer","data":"oSNpKHGiyI9ysEoNomN5BxWQunos72UVDO86zCK25Gs="}},"vufzj0SNgjZfV5NI+dklpOt2QTisfd0cqZP0W8RWP9o=":{"valueMac":{"type":"Buffer","data":"Dlbrj3gBjUhdrvfLzsBEyfcafY9k620dDTPbWYo/9bI="}},"iglwpDnwdSPMqsULUEa//+if+D7I75hS37KDS2EOLlA=":{"valueMac":{"type":"Buffer","data":"bSmBEz3M44qAGfxzjTBdtV9NZjwQjCIa8g1D6ihHjg4="}},"+9f8ZsG4aZlSqyZ9vv6BeDC5kLD61lDMciGBrGKBoRY=":{"valueMac":{"type":"Buffer","data":"Z/wHth54hkrOW4MvaB71xlREFrmXZQM57aGmeVOYRPo="}},"cbpIV8fCxJ46AVuTSkWDqoHlorA8lN+lFNo3xUX/iuc=":{"valueMac":{"type":"Buffer","data":"iSYeedP2tpJSDb3Mmd9/Bs0jJG3/MyVlZahczXqqVIU="}},"FePu57/JMf/pFuOd1OwQ4Hbzri4vtqcC1XmO0UVSw+c=":{"valueMac":{"type":"Buffer","data":"fP8gZLn2phGEjkUsgpSLrV0snXBDowub6rz8iMzfq38="}},"fDXd9lumKBg1t7x25iXJ3d9lOhad/9aLom89ZogqGgg=":{"valueMac":{"type":"Buffer","data":"9/t6bxRQFnMMELAPT2Jh5kmxSUiQTjqLqJD4ilBML4Q="}},"EjuhiwLYJPyNbyM6aMy1ri6YhbjApt8nSWh86rQoWBc=":{"valueMac":{"type":"Buffer","data":"gS2X7YvQdi2uag+9qYCT6NtFWGIItbo7BXQasYHrbkA="}},"C1mCRm6b9BFzev8SErWmP3WC2aTrBdiZpMkfLIjfcY4=":{"valueMac":{"type":"Buffer","data":"gAlgUaA5ZBTY33rhCHUI73HmmqHnH9fO0pSvT7ZgJkM="}},"MMuh1v63jWmxDuWtSYyA79yeD5bVA2jB2z5alL4Hpx4=":{"valueMac":{"type":"Buffer","data":"TtKVX3CPuZKqdJvEYUfKapvYjGb/dJGUsNsMrzeKdgg="}},"cf4JCf8blV2xv6Zg2/FsPzcuFuNc/MycHpyM3Th0O8I=":{"valueMac":{"type":"Buffer","data":"V+UOdhsfE+rkfwQYidnCqHkTrG4DUZ7ATc6b2ItmBnY="}},"JIJ8y40MRYv10s8q0qcyPyksMv3JHekJJPsDIqScIKQ=":{"valueMac":{"type":"Buffer","data":"r6zLsKa0rtaWjhOiHRc0P91b5zp8WYvei+27RS1eGtE="}},"6u8kQX372HVwV1aYXBG4zCPt/Ps2FXYpnt8HYjMxcvI=":{"valueMac":{"type":"Buffer","data":"S1GZAb/webZ3+M8M/DmpVr9xxnkFVTnggrsckWr1MCk="}},"XGMFmmU3iNIY6mhTTgftAq4SocflWj8Uw+xSOg/lJGU=":{"valueMac":{"type":"Buffer","data":"OKUZevCCSV5axNk5r9tIuwRJ8hDz6opAk9vUI+dZtbE="}},"1sAfJD1tDJZusPgTPUvKWUeC/3EjmvQpTrxY0/O7cGg=":{"valueMac":{"type":"Buffer","data":"qdR/DDOaJSZQ5j+m/6uskPBO2jJGpnjrbIXteQLsG3I="}},"V6yLmlU0NTXhip1daQxuVWoG0Nt/LMdyI4awkD3J6XE=":{"valueMac":{"type":"Buffer","data":"KO2jSDca62V5NLfP8JUEpMyi4BQtw2NLSD/j9bzIPfE="}},"hJP/C3fzY8ZHDHiHdsEFrM5Zy3HUgxwTuhhxS6qSo+8=":{"valueMac":{"type":"Buffer","data":"Vg4xf8Ms8PYog5CfFzcZZBdb/QnuW6nPo5HxiCx4QcU="}},"QVvdVAhC/V/GjRI9ELwdz4rZSdgaOxnQdHsJsCDHqSs=":{"valueMac":{"type":"Buffer","data":"u+PEW8WJg2zYsXD3vKi3Jlo8+ppwP1+nNuZhBv5T6oU="}},"rkaeUGUiVITgm0AhT7sevNP3whx8gUWPdMEFgz27d7I=":{"valueMac":{"type":"Buffer","data":"GWYsGFtVEqgTm761i/gdhdQOScbobw0NX4+YurZ+e6Y="}},"ESZLsFRG7OgztTQ1dmqy8HPrZXeds/JNMIUoEMDZk6Y=":{"valueMac":{"type":"Buffer","data":"99j7c0yt1d3ayChPZJEjb6ka1fv/a35kyX4JGANmKVI="}},"viGOMnLh28CCNQlLVr6OU/Vv+esQIqXLrYGTEPG0EgU=":{"valueMac":{"type":"Buffer","data":"txiGNdp73DUNxAB4AcYRoLoFxWczB/9RSw5ikycxFMs="}},"Xpvd3lnPvvD8nA/zXWGGOHW4VP2jIye5D0vST1WDuIw=":{"valueMac":{"type":"Buffer","data":"0iXTeEFxnWQ0NdbhFyUxN3kJb5b61HCHUlaDij6Rxc4="}},"L4ICGY51rZY12mcdAPKuYh843syJl0iJhyY+AkWPOpQ=":{"valueMac":{"type":"Buffer","data":"qvBoejSPSp1nAf+jOT3k9ECxnb9ZaRS6luaPAMXV1Vo="}},"SJSuUjsNV4V7xzdN3KkFtA3dhhbOwdbbt41IbkCu73A=":{"valueMac":{"type":"Buffer","data":"3YGdjn10P5AScmJxh207riRCjvVl+GerEbGkDjsma9U="}},"MDQ2kMrwivHafEF7tMz83c6gIHGRZKkiJt5E0LCc3eI=":{"valueMac":{"type":"Buffer","data":"TlHnvO3vqkMwFP9k15KYBJL3Z3T+Hyk6xXtYG6rqdlc="}},"dtkEkX5iemfDtOEVLPWvrlDo1jZtM6KBu7ybkAGwsTE=":{"valueMac":{"type":"Buffer","data":"7oDhjcGihRqaZvJu0pfBrWIsm06Xex9rNpqJbaQQcwo="}},"mZqqXDavg4+9DLdHBcPiKUaHgnGL5wHruTs6/uxe0kU=":{"valueMac":{"type":"Buffer","data":"dDsm3SwFEyXw7A9B2DuoorAPC2qTTUYZcbl1Gim2zXA="}},"7l3CnWmeKT0NE/2w6MaAYTe0gtQBmNJfNZZ9R1Kr03E=":{"valueMac":{"type":"Buffer","data":"wm+dm3Ua3/TwiyNMzl4dj1fID2R3yBY5a0L+dWTD75o="}},"i8OQVRPe94WQK+aEaL1hun7T0RZbSG5Iu4Mx4aNALcs=":{"valueMac":{"type":"Buffer","data":"85agT547AT9c9cFwpyHK6TsF1gSgSlNieBtbeB22Jwc="}},"JdMeQvkUjNqziX1m+UjcP5PZzfFRTfJ8/L9zdcvNUA0=":{"valueMac":{"type":"Buffer","data":"t2o5fNuhC82qDyrv0Mm9dWqMRF5CggNf1oMK4cLEY5o="}},"wDl7HIs+P50ajd/mx7AXzI5Xk6kyWGHM4Ba0/KG9bkM=":{"valueMac":{"type":"Buffer","data":"EK06k0UE0Cz4l6tZYKM0Zhf4vC2jfzGTQkzVCBvcis8="}},"cPSElrXj2SmA55GSMsIZqllq2rpyFFzbslpXM7qrDYw=":{"valueMac":{"type":"Buffer","data":"RxwdNwvO+RtfKRiX0LR3YrU5J5kLlcNQsSWR19CTgmE="}},"UD4+Lo/C/8QaaCpLzvpxOk9ae6px6PtKIxhHMv0HkhA=":{"valueMac":{"type":"Buffer","data":"GN90qaun2GeEVhzYXhqdBJ8mfUUXd+uAM9q/6fAMJa4="}},"uLND73c0rEHwdktKZksJk3w9vBzlAmENz1rXj3/gva0=":{"valueMac":{"type":"Buffer","data":"KKtfLjPceEumfGQAOv+Z5H159gt9vlZ50WhQM7hZj/8="}},"OgHO89NQ/sfg5577IeYjm4BUwDdq72AdcFJCmefGeFs=":{"valueMac":{"type":"Buffer","data":"sllC/PhAHxBbyPW4qXciQvCtBWQHFzkzucesZCS9q3k="}},"vUH0cWMOkFlKP6dWP9+FjvOge647d0kGuz1xPu5yQ/M=":{"valueMac":{"type":"Buffer","data":"iiTtAn/fMJZWzPtdmQxh5l64MN2DFMCM2XjVdMWQwqg="}},"Xn8K6g6Kk+n4vQ268l39d5AoHLGDKVf7V72veYwuhLk=":{"valueMac":{"type":"Buffer","data":"q3wigzROLvWuCVLRWp4P55mCfq9wz4lw08rwF5hupOE="}},"pBhYW+s1/bJi0Be1BFpnJ36xFBFJzuxVyfkB6eOYM3w=":{"valueMac":{"type":"Buffer","data":"HoBKydGiJLl3is5Wy1CcfcNm83p53XfXzQWzNY4O6/o="}},"6+fk7wUCANBgoOsGY6UAoiBCPiuVRWjzZXMJFfoJgi4=":{"valueMac":{"type":"Buffer","data":"1h9IJb5CySRuUc0hf3oXBDqAxcC242YEeoe0r+vQwK0="}},"8TfhkETm0zWTczuUmYxC8RMZK49e7MKdmHYS3S8LE70=":{"valueMac":{"type":"Buffer","data":"sqPFYSBFNiJJ258vjQt4PUQ4A2Q1FGCNJMnBvVmYnrQ="}},"VKbpKAzaEAkyuxft9c+71DfdN0XTN3/27V3mmPjEYC8=":{"valueMac":{"type":"Buffer","data":"pzpaFA67pJkU/JAgWD3HeP0WjltYloycv+0G76brZ3Y="}},"cH5dN6M86f9Zsw8yG9WM7mMlslh09sHBct+Lc7Urn8c=":{"valueMac":{"type":"Buffer","data":"/VP1LT4FijO3M4PtPwN7vH5xvj/th7XVBXBiqgB5esQ="}},"LWNRDEvBScgc8exnemYXYhUfd4x4xlVDfkTNdz3PUX0=":{"valueMac":{"type":"Buffer","data":"5AaYeP6tnWTWvKGUr9I7bD4VaGy+QX5xoF2xo1hV0WM="}},"ENk0CvnG9d3Jno5o4pWX6KYMWPSGpXYcFkMUHTBsCik=":{"valueMac":{"type":"Buffer","data":"Fri528HH8S2xkXG+7SkDJhUhVEi/632Y7Kx+p5U74/k="}},"LNla5mgU7ZscVtEN51Yl5XbhYI9oMOXUSbLit3ofAv8=":{"valueMac":{"type":"Buffer","data":"Re3ro54vlvXxujqPZ8BfzAUqx2CjjZIkxOVVtIuJPQ0="}},"CUlpdNOkK6jNnbM78whzVXG2UXRUC+knkq4kXRkYk3U=":{"valueMac":{"type":"Buffer","data":"SiDJl67diBu2J1D2+t2AyAkjRo7bX321maPiFCJg2xo="}},"dbtrxz8Fs8VVkE5f4QSsBOzNnRsHSZFChdF/AvQaRVw=":{"valueMac":{"type":"Buffer","data":"evzSJEfLZzle2TSBACF/bTiWRKkK4hPzPjJ8R/U1Qjo="}},"Ldd+s6eWM4eVn8NHzw1BiroQTkOkieOMOdzbOhR0goU=":{"valueMac":{"type":"Buffer","data":"TFQ60lFl4p0lQsScqhVrEddnVtzzcboqQfhlN2eKpEQ="}},"BiQqXwW34yWkH0IXqcE0hmPuiy14rSxt03PM5n8vVj8=":{"valueMac":{"type":"Buffer","data":"GaM2WawM8UhAWyCw9M6DFrEQxguFhmPT6hOetfPCeqA="}},"DbJWOrI5NhU3NbwXJtssoV4n3K1Nnhk/ecl1FnJ/yJs=":{"valueMac":{"type":"Buffer","data":"8XuO1eOrAssTToCJSP/4nflmkQ3Z6IcuTKW6Dm/lAlI="}},"mYdfl5QTqD0kZVy+AtJQ94dNg3+SptnAMAoaXAgcX1A=":{"valueMac":{"type":"Buffer","data":"C6ZS1bQuzXG/Q5r/OeeKFCIZoNrPd1lIDVgbXF/9wNo="}},"dpAzBzbDrOURb30N7IFo0hdQrhImMIu5sPqKdq1hacs=":{"valueMac":{"type":"Buffer","data":"mqhQ3Ang6BNQx/duth9HVPp7OVn22RVoGKMjRPuN1JY="}},"1afmjUGdkQs1lNiAI9Jp6g/vsnTVChVAZQJdnDHIn5A=":{"valueMac":{"type":"Buffer","data":"psnWs2461mkWVFGB3SCMrl7cj27ZKQ/G7uKVq/aoyfo="}},"cuSUNDr8vz9tkFYJ9v4xkQdiYvRzRva5ocuAew2YY0Y=":{"valueMac":{"type":"Buffer","data":"tDOA8Wwr6Yrdux/DF54HJV/N4jk14MHrOobajs2+s/g="}},"B4rJSsulxSwyg0wfav39byQLFbmAHcMyp0CnLwXmI5k=":{"valueMac":{"type":"Buffer","data":"LtqFEXWEA+t/Lolf2VE0VT6pd90j4xij2I1jHhEsuLc="}},"TpO6RrM9DaP2L9Tu5Irx8NhxPf20UMRiSaPIrLPdfK0=":{"valueMac":{"type":"Buffer","data":"nS5gm84ruWlPW1zYV7WD1gADaYTRIFeKN/qOwW703GI="}},"IU55inl91eHZ0Dzt0ZqnfL/3qGzmoxOG5vA4Dh1p7ak=":{"valueMac":{"type":"Buffer","data":"ixK4KUt4pGZ8uzF5AQxKBuPvMabJ11Ag+IMMhAoqw0k="}},"EfkopSqvB/q3OQLcaxeNsCh75Lq40CaT7s6NOeVlt6I=":{"valueMac":{"type":"Buffer","data":"577/eHwu/FV+YP6iJ36CPuf4GEA09zQq8LuGwt9MOh0="}},"5DMGolKxm4D4QX2reLnbBZZDqnQIl21lLsQXwHtdNq0=":{"valueMac":{"type":"Buffer","data":"Rx0saT8iMHggPP0sOyV6RjKWM14l8o3rE1GJ4q6KdJY="}},"7Cy/U2MG91ZCcMBNaG4xM56bei00P5D5OgvgJBjIIYA=":{"valueMac":{"type":"Buffer","data":"XvUBjhfEwP0kuF3omF6i76z6y8N5YDDx9YaGE/tYPvg="}},"VSbm2Wyrx8sLEwm2FWfD3HYW/NCX5NsfFA9mt3lq2lM=":{"valueMac":{"type":"Buffer","data":"eC7m8zfvjxpiBcVESwCEfsPz6Fj196DTSeXqhSRH2w0="}},"L5+6Ja4aKWw+6Jb7OcU5O8BkhwiHZHFS3smP+h6SJT0=":{"valueMac":{"type":"Buffer","data":"khG7Og8kVD/C2NVFYKsOJynQEglrVYSaNiyMiwbxML4="}},"h+TXkkjtFAY/BD9k6q8UDiP+uEgI2k6giOkahTErEUo=":{"valueMac":{"type":"Buffer","data":"86RXP0tXD8T+oqHTRv08UHLOOjmk6eYpggRgKVwnr48="}},"0Wl57zrbCpIIg7tvsNG9jeyrSIvLdocO7vyv+1dPu9g=":{"valueMac":{"type":"Buffer","data":"jhdb1FDweGBpdUJL2F7OgdZpBPXmg4ZrFVhT0eFhu1o="}},"Q8EAefmKBZ4UWduFRm+VBwhjp0bWbaNV1QsqKsLKN6U=":{"valueMac":{"type":"Buffer","data":"FLxjZUDyUNZ9Wrn3Hftl0oPA6EPxXhDtbjoyh085mJ0="}},"HVI8XstX8HNfYBcRKNuhzZri/LV7P1aiKPQDfjUQzW4=":{"valueMac":{"type":"Buffer","data":"+FdpV9eQ/tUWLIutUiUbIz587jb+24R5YwlDnhaPARU="}},"KL/hwdbgfabWH45yxr9luIY4oiOpEkdzpcTKqMdtAwY=":{"valueMac":{"type":"Buffer","data":"EJhtN4vOIoLEDWz7UuXV2iBXDwHL+QVOazReO3aaSw0="}},"aWxy5i5MjIXezI0Bxt4rjPZSdViBZ9rREWFrakLGQ3w=":{"valueMac":{"type":"Buffer","data":"sGpnxwEmKzluU4hzuoZRZBnEVln57N8lePzB96clBWk="}},"hNdr9pBiSsHgGABgyTelFf7tP6Pn9VTMb9MIrYtAqro=":{"valueMac":{"type":"Buffer","data":"dkuCbcf3YIbUvgbvQVOK8/wPzGVoiHQxKoXnKBgGWYw="}},"aDYDRE798943+y/wD9P35cSAnEeUsv/5xHLraec3v8U=":{"valueMac":{"type":"Buffer","data":"CgtHBOf/DDmkL4ZcL0apyt3fsLMWNXyuZl2+fG5VXxk="}},"1TGGnrLMnDPCCdaAbjbn5bQmG4gpiu99TuKV/nDtQ+c=":{"valueMac":{"type":"Buffer","data":"4JssKCo5fmxYsC8+SMySL8+s75aVNDs3RyFyeJij9TE="}},"62o4Ubq6jRDGln8CAIPvZLMAj3r3fTaBUX3iEdEVPQI=":{"valueMac":{"type":"Buffer","data":"XfqNoFXQWlf3oGanyWw4g0NTKJvzaNPvEFBV1f+7MQ4="}},"hik9hf2uuAz3UP6GFTPm39vQp75C1aTtKpU6Smqa3l4=":{"valueMac":{"type":"Buffer","data":"+o4kN+UQrM37i+KSIbE8IXWJMC2rvPFG/jNTmvYLEMc="}},"t/J1epyRvvJBoK86/il18cI8Kbe+VYGApCxAHTcaw9k=":{"valueMac":{"type":"Buffer","data":"WXKcbUGTe3KOMuQfDC1VN8sNM4ZVk+3g+hoQZ5szxl0="}},"aXX1wnglDZ/+OcNv/4yDBSOEDgpiCOXLUxkJBFBX+sI=":{"valueMac":{"type":"Buffer","data":"yR/hxiYiZE5WXPmZOBWcMeTr/E2WTvEwHw19lo1UiRs="}},"YXOK4pbOyHWieqFIwlcZW93Hzr9u3UgvRhLZJBL7fbo=":{"valueMac":{"type":"Buffer","data":"5X41CLLnRfB+3aa2OagmX/Mk5vkNYBmeTlxHaIvj49w="}},"V830meeCNFMmJ485BNQiqq6dm7ysasf+cpSQKQ1qt94=":{"valueMac":{"type":"Buffer","data":"GuLswq3D/EIO1vdKa3AieOe1/qR04hrtZcR80futSBg="}},"qLH3D9RFpYv0pdsldR5pO2vWd2C47wxO3iZ+N39AIQk=":{"valueMac":{"type":"Buffer","data":"xQAEQIc2JiqzQtKWM+2pj5J7g2bfXUfEwBjKqQ9be3c="}},"j7mNPLP449oHARVrNsb806WO9ECgRhWTDmqxqQfEkMQ=":{"valueMac":{"type":"Buffer","data":"uSpa02pbtE3bkaJycuqcffyTSaFuqD/PZWxZLUQrM8g="}},"jMwuGIYGtvT3iySNeemkxO2M+wd6KJyxEIcwS7nuy+0=":{"valueMac":{"type":"Buffer","data":"17CaTVGQ+L1YRt1Z45qOWOBigFHTM9MCjrX7r0WLIoo="}},"rs0LcV7vDq0PqjqNjvmLp3+468J5qjmDq/SIPEFhibg=":{"valueMac":{"type":"Buffer","data":"Fv3ICx+5elLTHR7RbgWdwrsM0aMc6cNdVVoO4MxwEQY="}},"pGJsnkQAHk6ao1V9gkrsaJtT81vWW9E20l1L92qwWgQ=":{"valueMac":{"type":"Buffer","data":"vrVpML9kuAjnfo0Ccc/y21H0q/Zrpo/kJ6xfN3zWP90="}},"KnqFdsrN7eSSKKkl9oNINWkWeOmPNgOwJlNNAeKGi/M=":{"valueMac":{"type":"Buffer","data":"4IjW0lkr3JwUzNlxKKXlQVlX+yLldzll88YM+CCT+tY="}},"PZjX11jpHRBauBwau0K3gADbbENBgz3Z7HvHqt8bFrg=":{"valueMac":{"type":"Buffer","data":"ZqIGq7WV7wNG2CM/6QUCRVJhD3xbvhOn0Zze9CvSRmQ="}},"5Ly7WG93GfK/Sd5J8aSEcXQ2VPaUE0hjcO5kfrt5YfM=":{"valueMac":{"type":"Buffer","data":"RUj5i2hHTeX16C3IRjnest9gyJUmo7o0x66dG/vQ320="}},"a4/cEgPKVGeMo6CjNOPHF6fMVRBYlT5DzdbyknxvTUo=":{"valueMac":{"type":"Buffer","data":"VgHsSaltnUGrAPtwL4STFtadUnXgWvNcwn4QhV11bs0="}},"Ur8cgt5wJ4Gsx/Fyuc931vI93lU8ZmLQPVRmLvXg8PY=":{"valueMac":{"type":"Buffer","data":"HYQERtdwbzEZKyPF4q7jzbbPLJHVtZsj4BaxrUFsLrQ="}},"V+2WX4iLCXWN/VlkfRL+UJgZVGfE4qgUEUZoDbrR374=":{"valueMac":{"type":"Buffer","data":"D8Ov4CSWXGdIV41i2YzCphX57yChvsrQRVveRKyYEjA="}},"K62aYN3jx7qZPKbSivK9IjFeQpYCMhpSiPWjIRv/W5M=":{"valueMac":{"type":"Buffer","data":"ZtvwzmMn5evobAgrVIp7iUpMwA11wppBe3t8lJ8ApcE="}},"e5c3N+FFSM/fSqgb0RMY+FlqZnV2Zpv4UED1zkjcAQ0=":{"valueMac":{"type":"Buffer","data":"YuWdzLcYy6Gb5uQV/T0ftsdt+ihYCpelh2u9x9N3Isg="}},"Iz5vZydlMZnzvhpPM7KDqSLLzvzd2OAvdMaAWumYwos=":{"valueMac":{"type":"Buffer","data":"2S4gTwbacUrY7WG0q3OTF0LOd1y2jvNVo9yEjvHz1yE="}},"rHBOryohz2H13URoPRngsL9YQg9fe5pnIBbUv+oQt2Y=":{"valueMac":{"type":"Buffer","data":"575I+yHdpSSaVTNaACgYLn0pO6LDRM3dIbFddllcbhk="}},"S+WOqAKoQ3CMlNnd+W5p8h8Qv1nWb2XFp4YMmVTafYs=":{"valueMac":{"type":"Buffer","data":"Bis9p6VmA7cC0cdz/3cwcl5SNz3uWXgs/bvsWy6w9sw="}},"RMBLyIMqi+1utDmw6ceACLTIySwggaepz58bZAJu1Rs=":{"valueMac":{"type":"Buffer","data":"TmGxzGJbSWyuFPKqp6WLlPfPF6C7YRsB/kxhAFhTVSg="}},"K7KFf/jq60jTTM4N/Kq/RyUTa1iZKLSCF6U6YuM7oeU=":{"valueMac":{"type":"Buffer","data":"lx6V+YBXXIfLYAXVcsYyZk367nyIMoTrNazZfIITBp0="}},"C1VQEtBVKso5gcm+r026rs5oe2kssuAzRPdcBfLNcEY=":{"valueMac":{"type":"Buffer","data":"f8x4ndq043ZqqO0G6uSV00N5LwaFEBJyYDfsdaXMCqI="}},"Tuf/zpTf6ilIAgea9Z7HbAD6N/Va7sBCtfEb1DMqLQ8=":{"valueMac":{"type":"Buffer","data":"G/ZCSIN/PeYniPPZynwMa1FRHLITVwG68ePWBjjMq4s="}},"OmoGROe8OZGox76e10RRa17wLzM38vMgEXxF/Bvh7AY=":{"valueMac":{"type":"Buffer","data":"Wvm3fKyUyCDMGxNBwMBsvtt0NYhFjGXu9UH0Ku+UYEM="}},"ECQgvs5PhIyV31uBxeN+N5b2q2K58IAolcekeGB6MkA=":{"valueMac":{"type":"Buffer","data":"Vyi04/H+h3TUEbes65hDu91hOOMRjtHDeLAq2CKu7x0="}},"800tfnRoYI5hqnjV/muddADrF0d0F6IN511b0V4j1bM=":{"valueMac":{"type":"Buffer","data":"AoDaysv15WcMMw8UssHIJ0d5CVe156E0KmRs/XNuu8M="}},"OXG532aAbjEnInjqRewAqWxKRu5hy+bm3EmsACzKHpw=":{"valueMac":{"type":"Buffer","data":"bQ0lYHIcNTlvt7MZb1r1yZ4ay0sxsxLsa6prm3wGD/w="}},"RPJ4V50pWHXUA7o/5rV20XICEJJH45mhQ+YNUZDSW5Q=":{"valueMac":{"type":"Buffer","data":"ymT852JHv81JzkiT+mKTkVjc7hN/rwSZDAz45T5FWkA="}},"pXlja+96kU9QzQqtMP9nLv3gte9V5FcefD5NDo/6lEM=":{"valueMac":{"type":"Buffer","data":"n2hZ1/Mu1iDz5hR6o9tRaQ88pEWqNckQGXVNK9Ks5mo="}},"zxUDFKYW79dC8UqNZW0+IAtQBDvxXV6+WcLIXqNjWeI=":{"valueMac":{"type":"Buffer","data":"k2LjHSf8qzkJHA48mxtC2Kp+esY4YLNJucCpzfc42Lw="}},"GSAR15Nd6w1LycgQqoon0vqN/jNHs64EESpxG8WIFqI=":{"valueMac":{"type":"Buffer","data":"ADQ4YNoiMeB94gufyRmzEemB2r2DLVKOeGJ7Fk6P5gE="}},"fdaNq7dwC+8ItBMwrAmCa7cnsmUG02q0XdUtLPCVhXQ=":{"valueMac":{"type":"Buffer","data":"x+m0CAUmMA41j4ql13gDn2LMeNySKfn5Sw/vl6rNzVM="}},"t+sX2lxGplC1jhDIkJHrRJRi17abJlp06umvgs6KHko=":{"valueMac":{"type":"Buffer","data":"F3GzOYTIif2YKellYz8LR8HOWoHiRMTR91pSiQGYG5o="}},"I8hwI/VGT8Tm1rCW8DasmlONJGeTqJolDD3G/rM5Yt4=":{"valueMac":{"type":"Buffer","data":"m3gf3ADD1UuTXmqgOIRcRSGmRWmubyLLmVawEmzbf9w="}},"ZX/IshLn6nKbxCNpodwvmFsdQrIwOLh9tInY81Qiqcc=":{"valueMac":{"type":"Buffer","data":"Xk8KJuy/1fSfgvSpbVn9adfepksPKBw6Hv4h/jmw/a0="}},"6C0ty6dkRKoRUbsdFPgzE164LXkR9k4UEhBAkq5v5LQ=":{"valueMac":{"type":"Buffer","data":"Qwk/qi7Kq5t+luAg2vkBjZtIgpJSLjTuT3q1Cs/xVIE="}},"wmCbnlwuEOa+TJkZfCHXx6Jn069dWxiUdsCkRQ4bWPc=":{"valueMac":{"type":"Buffer","data":"uGWNUXsJ3zNAZ4cPUGvJAprelmtuil4kOCv57hy8/mc="}},"XDYA0vb45zZOakB/pEZJsMb5lLVAf3DBpLw/kOe5TK8=":{"valueMac":{"type":"Buffer","data":"kd4GolgqMb5KwwNKSWbb35j8/rzH2TEzXXeC2el1yRo="}},"2P5qZUSwnkopu9zbMxR1n5GgXLQAKCE+hR7OqQbQvc8=":{"valueMac":{"type":"Buffer","data":"nq/yYAA+b1auQjGeTRuqE4lKcoAuu0Qo9UYxw9XeB4s="}},"GvgNTjhOgwoJ5TJ1XINniwDCl638fdC3GgCwB3c4T30=":{"valueMac":{"type":"Buffer","data":"QKQq3njvbMIUKUlMC43Xvx4WLCWe84Rf7JBo352wUS8="}},"qv1tJb2Rv6pq0ulo4oNFgFkH/T+0WRzT3sNkrOBq1VM=":{"valueMac":{"type":"Buffer","data":"MCu7jfA9bAOzcW+bXECrFPQSjKk26umFYsaQs3GKnlM="}},"gb/gUPK8a6wGlqMkkSwXF6qE7q6OuWkX9Yc3u/c5n/o=":{"valueMac":{"type":"Buffer","data":"HE9zW4GDCXYO65rEwtoySvCiFrkefj5q1pgx+Dc+uOk="}},"pZxiY2gkZs9N7UWftBSh/ctbUoADmY56WAmBzVIQU74=":{"valueMac":{"type":"Buffer","data":"9cQkJWjTyaIb4OUyOWLfmF0PwGCsUmqGLzL3fBIMG08="}},"mS7C77x6ZrAvfVLv0wuqC94zay3v/AUQMiBh0/b67Hw=":{"valueMac":{"type":"Buffer","data":"RoHEyXDCgT1Ftcob/7rKWTlB8V24Mj02QC99KEecgzg="}},"2YEX6skLdRrj0R+MbP3VyGPdsRYF5abxrNk1pBQ/C1I=":{"valueMac":{"type":"Buffer","data":"HjLXS9gfNMAE9eaJ5B+gSrm7Nj3Hqckk4HPX5rebKoU="}},"UOCBDSForsZ8gtl82y4tYSTilXz8bzdM/CtB6NuZePQ=":{"valueMac":{"type":"Buffer","data":"c172t+f609nhZePslPhPx6xOgVmdutyhQSAtDVcFBlw="}},"cfwj/zXF8EXKkVXOpynF7bLnhG7KSNtpKpbjdLOtPLk=":{"valueMac":{"type":"Buffer","data":"GabCfNr5EfT63AXjz0VgNUIOi4K+Zinv3Vo6dE/EFUY="}},"mX/J9Isy8dmPB4fdfPPwwLp1j8koeG2IfPFwkk5e3uQ=":{"valueMac":{"type":"Buffer","data":"XUHaUb5V/6ZBgQfLeUBdBLG2DbWi8OsvtTZZ9D0zLuI="}},"9Ji3bNmoYAIsgbmk9At2/7ORWqvhkTjL5tNQZXGe9d4=":{"valueMac":{"type":"Buffer","data":"N3ctrpB1asPpccCSsh9+sVgJDRQL6GWCfJ9Vk/cWrR4="}},"VgzUditOFUIIlXWd3tsko7sP9K9XLhNLc6D0qMjiWNc=":{"valueMac":{"type":"Buffer","data":"7uWVi2MXBcnYxGjS7H8Z6NkWSLR+eg6n6RKJ6GB/jzE="}},"aqDg19NRaM0t7wi98ekKNKq9JMVJTZT7B9NIOporYso=":{"valueMac":{"type":"Buffer","data":"idTPdW/fpL4Y1A2aAiHr6R47XRfJ/F7iSeKIipy1MOc="}},"A7pBG+B09Rp2itaBQOV5F7f/wCdA0dKjLoBlSsW0t+k=":{"valueMac":{"type":"Buffer","data":"ZBK14XrTIvgXUI/oQqkdr17RWTUhIMMKcBrKYdldVoM="}},"YBdgnwzvbN1lnBj/JGw4ByE3WDm+QER/+W6gaxcenio=":{"valueMac":{"type":"Buffer","data":"LSQm9uVkoy8l5IurD24xxUMEXCESQwwSuM9IlTWB2VM="}},"/hu8Soc3iDb/ZWt+cL6N2ptBFbaTuzrrYU+YLsD96mI=":{"valueMac":{"type":"Buffer","data":"NrpfZ69CIWzDEAKls8VFrYTfNysHSpKRSLtlnyc6Cx0="}},"m/GJWjhRu4GI0ten3iVrTh/OpVaWqEgMdhtxGa17JNI=":{"valueMac":{"type":"Buffer","data":"XcIDCeRfXWY7DRrCuroFLaucAxPmDWkSrwBcLiWuKDg="}},"+ME5koIKJZzjU/UE2FHcuUGazTVF6MCifr2Oc6RWSL4=":{"valueMac":{"type":"Buffer","data":"kNc2x36LStOZp0ELDOdasUsUczoFp2ORn8xNzEnU4iQ="}},"/q+7gHooTSRbfZXof9cEgmhJLRJSRf7iFXiWQW/1cuY=":{"valueMac":{"type":"Buffer","data":"ecEWxk4vGo/SUqL+JPuGj48PyZcI8NJmOhpIUJML6yo="}},"5rxA+QAKeiaKIsmOn2tZ54EOcskoGOZnEBu8I3ui0AI=":{"valueMac":{"type":"Buffer","data":"4f1O28vL/tPseBwxmrpqXnEHja1HtLcPuzPyh2hdAaQ="}},"jinAlenam0WCaPdd7ul9ey/CSwBIpdha0CkeRULW25I=":{"valueMac":{"type":"Buffer","data":"0/1MA7NjR50JcmMnr5A7uxY220cHn4WJ2FZtt767ds4="}},"stnXsGbEnCMTnJqrNZ6gZEg5f8YJ499L1mhOfmEHRKM=":{"valueMac":{"type":"Buffer","data":"HO+Q1hYgvQ7D6lsiDUbQQZ71h6gtsA6YjFGGZBXw4Oo="}},"kMFIJ3wBDj6MoCsBd4JyJH3UYjoi4vN8SBEX2tMi4ro=":{"valueMac":{"type":"Buffer","data":"ZrzbAhY5fPQpierv1ZSUoENLS1UlQGT7J3F6/7ysklM="}},"BA6SnWrEv5sCyJXYMKpavjKAlVkXHNo0s0/1WIct4N4=":{"valueMac":{"type":"Buffer","data":"5L1lOiIJnL+AZwbvC0fpG5uxAxKSTAt1NRK/dhrCdbc="}},"u7yCk8h9CdCRAN3scEq87hnm/FoXaJpY7CZbVv/ClUM=":{"valueMac":{"type":"Buffer","data":"A5bn3pO3SlWw1r6hz/vAOHAgKnC2e+XnlQ4LpqU/qN8="}},"nnMYZl8VlZ0ijmDcKbBZVma3ICEkcqjZtXwO2oQfCWk=":{"valueMac":{"type":"Buffer","data":"ILHf3maLXvIMRyR1hDrVPvduoff1QYd6fuh5WkjR8IM="}},"w2+nNXyRtuPlDeqK8ODn3NpHEmajr8AjJXSEZH9Ek+U=":{"valueMac":{"type":"Buffer","data":"YmeaKo0JtAGvDhyw+xmwUpBFmoMjl2Y7uDTo2rUW7cc="}},"B3TeLST0CVaV5nyi3NSa0VRjnkeWv1Y1EjmOYP10KNM=":{"valueMac":{"type":"Buffer","data":"EY+N5W8uCVnESSeh+ZgqjudFhoKSXIbv7i0ZFzd3AKQ="}}}}