{"version":1,"hash":{"type":"Buffer","data":"ZnbdeGHvnnp9hGEYm7L0E0szluqiaH1vp6izgXmpZXZhijzs3w0m6lPA0gQABcKJFkJxi1HkzeRvQfCoIbfctWBUPb0uG3Cj0rfG7lNsBPy5c3W2tXTiYoKyTIbON4fsa2FN6vTk11yG3G1DOs5yLwIdEmR9VvY0eKb+cABfQqQ="},"indexValueMap":{"n6fl7eB21av23DJu3FywMzEBl/oboL4rjgVkbWEpL5U=":{"valueMac":{"type":"Buffer","data":"JrQWpsO4ZLVRlGxFgoSqn5XNQXCXO5jnXmQ7WWqGQzY="}},"tXMDspDGL8NW3WGH5kxK81rcdfUilDRvwxg/hhDlZBk=":{"valueMac":{"type":"Buffer","data":"Vy4SKEp/d6m/AI+7QV9RmGh1WzNMC2C5K7Sd6HcbshI="}},"GyrKf6edqfhuiLY833O2KIMUIUHOqir/SILIF0Swf1g=":{"valueMac":{"type":"Buffer","data":"ZmxQODdgJgW4g9/XpimmSiF3aanZezSelEwTmWCKEFI="}},"uVealNftSKJC5CLv56G+l4S3vldT2y+AlmAGpELhGt0=":{"valueMac":{"type":"Buffer","data":"kGw/YB5xii7zf0bEKiJqA2C0wuuBWIY1jf4jaDQXGE4="}},"R1GPsVOtUeaJgLR9KMaT9az37zV7nYWFyY+HWcypikg=":{"valueMac":{"type":"Buffer","data":"eV47BURUcaiCIO8uqYpXWHdI43tW5MRxKck8mAsKdUA="}}}}