{"version":3,"hash":{"type":"Buffer","data":"EaNTuMSeN/+jd7IM+oCcySoy5acDZJYd2IADQaRiSSRAp95DBwktZ4iBMIdMW2XSBs/yI5paweUMOd4zkn0xf0pFo/AVXM/hENL5pg+BN8mIaMV7QeTUWShEm8afgD+hxcFMoVmokgb7G/biCF2JZV6QWXYnZzmlriGnO9YTaHE="},"indexValueMap":{"Uezf1fzrNBrDAstMnQ/8JXjaYLrCVzkctbPJvHmGppM=":{"valueMac":{"type":"Buffer","data":"JZd9kjY6CvJqNNvyea8lUSv/KRQJ/urcwZEFZk8KtvY="}},"9XELmKcoG8WAAAjR1Fp+Xele2r6qptdU5KiL93++5l8=":{"valueMac":{"type":"Buffer","data":"+460nrb5IhG9ByOg8WMRnd6qmWa/IqJOCf6B99TC0aA="}},"Fq6skGMfD361COwOcZhzVaKGnSFHMYFCFrAGwYYpGOQ=":{"valueMac":{"type":"Buffer","data":"vkHRBWupeNozh3zttUqlUv5g+8SW3SAiH3zIBAKYSnI="}},"V+x4urGOD1PQZvgVTJhK3QLHj8YaDU5koGbsisoA3yg=":{"valueMac":{"type":"Buffer","data":"EaSGSW3A1trQkTo9nh3jYSW10lA0HqaHs3pLKpHOibE="}},"tclbcR1ACgpAeSkeAgyG/IGptGvRBLk0HMAOkXd2Ids=":{"valueMac":{"type":"Buffer","data":"oX5oG+jR/2B0odv6fWC4FDqI1ELpWnhCfj43sAudoYM="}},"FpGi7WgPYlCkplwX72rs3u3Llk+ANtuQpM77zRCXtuY=":{"valueMac":{"type":"Buffer","data":"nSJ9XtTGnwYtx5idfNt8KDndJeVlgrnfS41fvlCiM0o="}},"E9pzfuXua9WGmDg8WSekWrqs/nMkCO1kZ+yjGP6jYyA=":{"valueMac":{"type":"Buffer","data":"4MGwt/+sOnjAJEb9NFxCAN5H9Tysxl6gFSnkunqX4Lc="}},"9jq4KAkivSqgGIOkaGXwg4Y5P8DaZ2bsqCeNtDgyW/U=":{"valueMac":{"type":"Buffer","data":"fVK2z4j1ogWkp0ScvLS/rP9NM2+IQt8hIKJvRXv0JNo="}},"5G+h9d6PB5WwSZ30LcLhLyw2U9OZtiI2dEeiClKMN4U=":{"valueMac":{"type":"Buffer","data":"orn1ltK4fkF25ooiY520rgaxWfTSUFTZ71Ubk01/Lb8="}}}}