{"noiseKey":{"private":{"type":"Buffer","data":"KLMMF/OI4vuLOah+pIiJ9MhRizJ3q3Xzw2J9M3XVMUI="},"public":{"type":"Buffer","data":"wg5Wo2L36NiYmUJvh8ur0gzxp/ugYlikJZRdE+M2RGA="}},"signedIdentityKey":{"private":{"type":"Buffer","data":"AHWkW4iBbWJv6g0cr1A/yD6Ls3DEpfX36VcuIbvhCW8="},"public":{"type":"Buffer","data":"eWwUo0Gxdv+zWelYo7ReAHrkqP0vRazSgMKQlTpMD10="}},"signedPreKey":{"keyPair":{"private":{"type":"Buffer","data":"GNqrzGZ/KJRKA9vqRWQ2vE1rkEZjk6ShHe4yVkW7vlQ="},"public":{"type":"Buffer","data":"eqI55TN25Hq5gLsU3TXc6a99k+XLhBLHAaqR2rFnxi0="}},"signature":{"type":"Buffer","data":"TumTsNpiPOY6WyMacjyIokwpqz3kx4DFcSqzoGK4/+5yDAfULA/eoYKDkbbi9fwpMt2DNbiynxqWmemiBi5Lhw=="},"keyId":1},"registrationId":82,"advSecretKey":"B8IpMIGpjNMQZUvIbKxm2wl4gFI4ssHANet5cZk8NfY=","processedHistoryMessages":[{"key":{"remoteJid":"6283111136642@s.whatsapp.net","fromMe":true,"id":"D898E2D434207DD72F0D34EF72AB507E"},"messageTimestamp":1669295861},{"key":{"remoteJid":"6283111136642@s.whatsapp.net","fromMe":true,"id":"BD10DFF887391D0BB1A390B3514370A7"},"messageTimestamp":1669295861}],"nextPreKeyId":31,"firstUnuploadedPreKeyId":31,"accountSyncCounter":1,"accountSettings":{"unarchiveChats":false},"account":{"details":"CO6M09ABEODd/ZsGGAE=","accountSignatureKey":"dHLZPxtp43C1XK0eqUD4WsV/UpM1JnDiU5uYQD37Tiw=","accountSignature":"kss+rpv5GOVamVmvQMM8dTQQ5+PAmt/lXZSmz7vol+zF47mu3mXNT8yy+HA1dx1GFbE4YKanLTU7cDb8Q3BoBA==","deviceSignature":"HcLEc9ieTIMj9BhV1Zx4AiLWqDJM35qAogcCXAeDFrrtYZ6a3CR2HY1acTWebA0aiQWzJUirQhcTDYCyRLbzig=="},"me":{"id":"6283111136642:38@s.whatsapp.net","name":"Bot`Saxia-MD"},"signalIdentities":[{"identifier":{"name":"6283111136642:38@s.whatsapp.net","deviceId":0},"identifierKey":{"type":"Buffer","data":"BXRy2T8baeNwtVytHqlA+FrFf1KTNSZw4lObmEA9+04s"}}],"platform":"smba","lastAccountSyncTimestamp":1669295842,"myAppStateKeyId":"AAAAABHG"}