{"_sessions":{"BUI/Xbn/pha2Yk65PEL26K4a+XTFiiYhR6KbFsORNWcs":{"registrationId":729437402,"currentRatchet":{"ephemeralKeyPair":{"pubKey":"Bbit0eHKp5vs+8t9uyLA+R84K0VLbvIClI3mqzrYmEMm","privKey":"SJag/H/Ck0negGVwtptkrOJbQybK6JvleVlLco/D4Es="},"lastRemoteEphemeralKey":"BZL9jCh07zjgVmjQYoyxoAbby72faUve0s+DjqGRA/Vc","previousCounter":0,"rootKey":"JEWZUoJExHaT70C7qG9E6rgMf8Jo14KYNkhTqV94T+w="},"indexInfo":{"baseKey":"BUI/Xbn/pha2Yk65PEL26K4a+XTFiiYhR6KbFsORNWcs","baseKeyType":2,"closed":-1,"used":1669295866579,"created":1669295866579,"remoteIdentityKey":"BR5u0hisvcMecBVmWoR/rJfej//AOPjWG1wLvnru+1dr"},"_chains":{"BZL9jCh07zjgVmjQYoyxoAbby72faUve0s+DjqGRA/Vc":{"chainKey":{"counter":0,"key":"wwtzsOlhQBsX1zfDYXudR+sECpk/DBbdIOJl0JchLQQ="},"chainType":2,"messageKeys":{}},"Bbit0eHKp5vs+8t9uyLA+R84K0VLbvIClI3mqzrYmEMm":{"chainKey":{"counter":-1,"key":"6GJ8UpicRaESHCftl/bO33TYUbmAH8z11xTeBltepmQ="},"chainType":1,"messageKeys":{}}}}},"version":"v1"}