{"_sessions":{"BcdL/3/NsYI488uauNbpLovIFbEg+uQiBRV7M9s3z2A5":{"registrationId":1392285901,"currentRatchet":{"ephemeralKeyPair":{"pubKey":"BZT7dH4rR+YyD8merPjQgVzqPYjVgoid/9qDPXoS4l5d","privKey":"iKyJf54PNhsxf5bxyZdagnv73i+aBTFLAiZy/CoimWo="},"lastRemoteEphemeralKey":"BdCjL52WNvXW2aI3juxUYasI1jG/sp16ATm/l0ieu0tT","previousCounter":0,"rootKey":"CfyjlvoT7R3zzA5bzMAe6aAnJpPL9cPah4q69c4nTlE="},"indexInfo":{"baseKey":"BcdL/3/NsYI488uauNbpLovIFbEg+uQiBRV7M9s3z2A5","baseKeyType":2,"closed":-1,"used":1669295845014,"created":1669295845014,"remoteIdentityKey":"BXRy2T8baeNwtVytHqlA+FrFf1KTNSZw4lObmEA9+04s"},"_chains":{"BdCjL52WNvXW2aI3juxUYasI1jG/sp16ATm/l0ieu0tT":{"chainKey":{"counter":5,"key":"hPkt7fJp96EhJ6gmZAuViFju1YLwD8v6xkNC1nrW9Ck="},"chainType":2,"messageKeys":{}},"BZT7dH4rR+YyD8merPjQgVzqPYjVgoid/9qDPXoS4l5d":{"chainKey":{"counter":-1,"key":"zvyuJRv2yHngkY9VaWHvQML4Nj0gNESXYOVabUpBim4="},"chainType":1,"messageKeys":{}}}}},"version":"v1"}