{"_sessions":{"BZ3/BlO5Dmz7vNIPPgytNIq9dZtsvSkECbly1NjC9ER1":{"registrationId":1415549979,"currentRatchet":{"ephemeralKeyPair":{"pubKey":"BaYFOopsP3A3fxWIxLzcVLkyn6vkICGmafORbNXyf8I+","privKey":"wOmu5vj2IZt4NVFjuYyK6T6vbQTsiDrfJSS5sVVnh3s="},"lastRemoteEphemeralKey":"BZMGgleqUWIsI7ZoKyeXsGvHml6OZC/VnIk4Z21XpE4j","previousCounter":0,"rootKey":"PcMcj/C/NPQbc1vGnTuWqJzdBaOkg7aKJ79g12pGJgY="},"indexInfo":{"baseKey":"BZ3/BlO5Dmz7vNIPPgytNIq9dZtsvSkECbly1NjC9ER1","baseKeyType":2,"closed":-1,"used":1669295855163,"created":1669295855163,"remoteIdentityKey":"BU6D3+D0r9u24BJV8Swzm9oKCmK77fF49D5jzJTYZuwG"},"_chains":{"BZMGgleqUWIsI7ZoKyeXsGvHml6OZC/VnIk4Z21XpE4j":{"chainKey":{"counter":0,"key":"e/SH4ndOADbDu9wr17XdEDWdhiDz9pCgtIkE96OKM9U="},"chainType":2,"messageKeys":{}},"BaYFOopsP3A3fxWIxLzcVLkyn6vkICGmafORbNXyf8I+":{"chainKey":{"counter":-1,"key":"yk4W+Fkh5wjqXc2RWzyq69PW8gtJ/DqPPgguUd13G9I="},"chainType":1,"messageKeys":{}}}}},"version":"v1"}