{"_sessions":{"BbXQkI2dHogllnImExgKsp9iyct/DsS4pmr+zaDQ/nZ+":{"registrationId":226,"currentRatchet":{"ephemeralKeyPair":{"pubKey":"BRfSEiQ7ByJxf8skTZSMle9ntN26y77GxhtCZOs49U5t","privKey":"uPYUJxwx9EcF5ckbiZJ6BCc2EMQHXOz+gwBFkgulLHQ="},"lastRemoteEphemeralKey":"BeY7PmXPnNDcGoXZ/4vWzWBcftwtyuhg4K5wsIF8gusR","previousCounter":0,"rootKey":"PFegHXXbTbwpTDKuMdmCfTjbuUOjDwvxMoTBTEFe6vk="},"indexInfo":{"baseKey":"BbXQkI2dHogllnImExgKsp9iyct/DsS4pmr+zaDQ/nZ+","baseKeyType":2,"closed":-1,"used":1669295860733,"created":1669295860733,"remoteIdentityKey":"BX6e0c2tsD2RGaHt59mn/3obQFdAh5/YXH/5lVzOInQp"},"_chains":{"BeY7PmXPnNDcGoXZ/4vWzWBcftwtyuhg4K5wsIF8gusR":{"chainKey":{"counter":0,"key":"pSP6kxpAl32Sy83JWjWUP0CZW6jnzXq0hlCFFy58Cc0="},"chainType":2,"messageKeys":{}},"BRfSEiQ7ByJxf8skTZSMle9ntN26y77GxhtCZOs49U5t":{"chainKey":{"counter":-1,"key":"x3pdLIajgTQSYJaM1Y7sRtPzUKWEnFt4ksdrhInF6UM="},"chainType":1,"messageKeys":{}}}}},"version":"v1"}