{"_sessions":{"BR8ZItdRqxIB+GG+s7iJMrjJhmHuqyODHwk+m7qQnBI1":{"registrationId":1498628943,"currentRatchet":{"ephemeralKeyPair":{"pubKey":"BX+S2/ZJKf/yT/65pFJLIjbEjBrnPyFyEwUkt3Q4LV0G","privKey":"CGrvNQL5U02nC3aujODuJn68zlS+Bxpx0Bwi2Oz9clk="},"lastRemoteEphemeralKey":"BYBAiW09TlkSc2dS4W+Yxh/M4GQMhs7JQn+GDAlbdu1u","previousCounter":0,"rootKey":"Unn1INCjtMszOI4nEg84Yto+/85SDjA7Hhngz5KkJ6E="},"indexInfo":{"baseKey":"BR8ZItdRqxIB+GG+s7iJMrjJhmHuqyODHwk+m7qQnBI1","baseKeyType":2,"closed":-1,"used":1669295853028,"created":1669295853028,"remoteIdentityKey":"BR7JNNljSvrEaKFT9CWQ2Cru7avtm9OEhrn5pSKvXsM7"},"_chains":{"BYBAiW09TlkSc2dS4W+Yxh/M4GQMhs7JQn+GDAlbdu1u":{"chainKey":{"counter":1,"key":"XPoV6M5G4hvY99nkLwzIRPRVSIgY3A7IUzectNL+wz0="},"chainType":2,"messageKeys":{}},"BX+S2/ZJKf/yT/65pFJLIjbEjBrnPyFyEwUkt3Q4LV0G":{"chainKey":{"counter":-1,"key":"WNdS2d3eiwYRHtonfr2ipkYbkJBztlVH6qJJxqC6v9g="},"chainType":1,"messageKeys":{}}}}},"version":"v1"}