{"_sessions":{"BXmFK5/lHLVJQRU8CPpuBQrqpeiDrn4PNuAWunRNgzkp":{"registrationId":1241959975,"currentRatchet":{"ephemeralKeyPair":{"pubKey":"BelOKp1iIZC0U5onE8YE+aOwpd2v2HIcfWoeZ7ScBUcU","privKey":"0Nj7ObS8J8KKpmCPI8hzbJS5jVb8+vZDjrPVmuPR1UA="},"lastRemoteEphemeralKey":"BWFcJ7VGwDBSVbkYUKjr1t3x9pePtY33QLTAocwnUOwu","previousCounter":0,"rootKey":"CfKJ1xNOyxH+iW2EfYpr1jStbIxsfQ2ZcO7kTdu+0hc="},"indexInfo":{"baseKey":"BXmFK5/lHLVJQRU8CPpuBQrqpeiDrn4PNuAWunRNgzkp","baseKeyType":2,"closed":-1,"used":1669295858440,"created":1669295858440,"remoteIdentityKey":"BehrDL1QW/ilSNx+KcDlFm5BLcnt8xANQGaOjov8Ue44"},"_chains":{"BWFcJ7VGwDBSVbkYUKjr1t3x9pePtY33QLTAocwnUOwu":{"chainKey":{"counter":0,"key":"LkiYCDzLXORbOXHWzGC7DdxALrE9XdHTPRqu3xQ5E90="},"chainType":2,"messageKeys":{}},"BelOKp1iIZC0U5onE8YE+aOwpd2v2HIcfWoeZ7ScBUcU":{"chainKey":{"counter":-1,"key":"D/uKCptYwfF2jL+sNRi/GTq6tB62UkbAJesgOExoQNE="},"chainType":1,"messageKeys":{}}}}},"version":"v1"}