{"_sessions":{"BanHhGSmROQ3dXvqkpOpjxKPcAYXdyLVYmgELZurBj9S":{"registrationId":1084963207,"currentRatchet":{"ephemeralKeyPair":{"pubKey":"BY03SeMOhxljIfQ7QzmtfTy/Xi7NklQWADdv9hPnxiwj","privKey":"wOn3jyHe+ylWPYuI+e6QgvG9lCq5Vy+R2IBjmcnjp3Q="},"lastRemoteEphemeralKey":"BTwyFo9e/2CX0vTSN4OzMOBdQORvYU8xjyvh5vQ4vt4H","previousCounter":0,"rootKey":"peIWcZPOo2AayrYPOKqi4wx6jxAyLMDQcGBC03pr0mM="},"indexInfo":{"baseKey":"BanHhGSmROQ3dXvqkpOpjxKPcAYXdyLVYmgELZurBj9S","baseKeyType":2,"closed":-1,"used":1669295878158,"created":1669295878158,"remoteIdentityKey":"BbD+vw/FVYSSBbx4PRZHbkdGJ2WMS34mgGkZLtN4kGAZ"},"_chains":{"BTwyFo9e/2CX0vTSN4OzMOBdQORvYU8xjyvh5vQ4vt4H":{"chainKey":{"counter":0,"key":"v2c5nXjiNmhBBrNELQQwii7nokIQr96PYrUi7VNurpc="},"chainType":2,"messageKeys":{}},"BY03SeMOhxljIfQ7QzmtfTy/Xi7NklQWADdv9hPnxiwj":{"chainKey":{"counter":-1,"key":"hmYzbPGdJVxMeBQ/NQkwiOuAa8QMQPbW+LKgkbppqm0="},"chainType":1,"messageKeys":{}}}}},"version":"v1"}