{"_sessions":{"BSEPfhlZe0bbD9lbRqZbocjnOfUylYtXLQU+dm/U1vFv":{"registrationId":137744962,"currentRatchet":{"ephemeralKeyPair":{"pubKey":"BUeyeS7VITlhz5lP2ZmTQYy69PI8RP6mDhEQQBq/ktdi","privKey":"2KuTuwWpvOAVTIt364IntE7b+8afKSud+2G6ti/hklQ="},"lastRemoteEphemeralKey":"BeHgMyyHfl+RUjy3U4Ik3DqBtBB3qdiBTbByau0GwVYh","previousCounter":0,"rootKey":"cYj7oUaNdQ+3F12FN+JUN+PXJ3DJoJ/1wdxk1QBX44A="},"indexInfo":{"baseKey":"BSEPfhlZe0bbD9lbRqZbocjnOfUylYtXLQU+dm/U1vFv","baseKeyType":2,"closed":-1,"used":1669295879621,"created":1669295879621,"remoteIdentityKey":"BYqAstuWeyYIrsHGoxW0MHNNI3jgXHy9VEJA/c6APOVC"},"_chains":{"BeHgMyyHfl+RUjy3U4Ik3DqBtBB3qdiBTbByau0GwVYh":{"chainKey":{"counter":0,"key":"CYL2aoplW4aHIY/8ea61HC6EOkyg8yNYMkYUUyI/HNA="},"chainType":2,"messageKeys":{}},"BUeyeS7VITlhz5lP2ZmTQYy69PI8RP6mDhEQQBq/ktdi":{"chainKey":{"counter":-1,"key":"DcVtXfyb6rrcG5ocVjLsBSp9n4N4nCnTeMhSpdt1Pa8="},"chainType":1,"messageKeys":{}}}}},"version":"v1"}